id,ticker,asset_type,yr,val,fy,form,filed,frame
1,CMG,Land,2019,12943000,2019,10-K,2020-02-05,CY2019Q4I
2,CMG,Land,2018,12943000,2019,10-K,2020-02-05,CY2018Q4I
3,CMG,Land,2017,12943000,2018,10-K,2019-02-08,CY2017Q4I
4,CMG,Land,2016,12943000,2017,10-K,2018-02-08,CY2016Q4I
5,CMG,Land,2015,13052000,2016,10-K,2017-02-07,CY2015Q4I
6,CMG,Land,2014,11062000,2015,10-K,2016-02-05,CY2014Q4I
7,CMG,Land,2013,11062000,2014,10-K,2015-02-04,CY2013Q4I
8,CMG,Land,2012,11062000,2013,10-K,2014-02-05,CY2012Q4I
9,CMG,Land,2011,11062000,2012,10-K,2013-02-08,CY2011Q4I
10,CMG,Land,2010,11062000,2011,10-K,2012-02-10,CY2010Q4I
11,CMG,PropertyPlantAndEquipment,2024,4639427000,2024,10-K,2025-02-05,CY2024Q4I
12,CMG,PropertyPlantAndEquipment,2023,4152060000,2024,10-K,2025-02-05,CY2023Q4I
13,CMG,PropertyPlantAndEquipment,2022,3685734000,2023,10-K,2024-02-08,CY2022Q4I
14,CMG,PropertyPlantAndEquipment,2021,3305601000,2022,10-K,2023-02-09,CY2021Q4I
15,CMG,PropertyPlantAndEquipment,2020,2964021000,2021,10-K,2022-02-11,CY2020Q4I
16,CMG,PropertyPlantAndEquipment,2019,2660129000,2020,10-K,2021-02-10,CY2019Q4I
17,CMG,PropertyPlantAndEquipment,2018,2462761000,2019,10-K,2020-02-05,CY2018Q4I
18,CMG,PropertyPlantAndEquipment,2017,2317290000,2018,10-K,2019-02-08,CY2017Q4I
19,CMG,PropertyPlantAndEquipment,2016,2149027000,2017,10-K,2018-02-08,CY2016Q4I
20,CMG,PropertyPlantAndEquipment,2015,1938095000,2016,10-K,2017-02-07,CY2015Q4I
21,CMG,PropertyPlantAndEquipment,2014,1720660000,2015,10-K,2016-02-05,CY2014Q4I
22,CMG,PropertyPlantAndEquipment,2013,1490635000,2014,10-K,2015-02-04,CY2013Q4I
23,CMG,PropertyPlantAndEquipment,2012,1311620000,2013,10-K,2014-02-05,CY2012Q4I
24,CMG,PropertyPlantAndEquipment,2011,1122120000,2012,10-K,2013-02-08,CY2011Q4I
25,CMG,PropertyPlantAndEquipment,2010,982109000,2011,10-K,2012-02-10,CY2010Q4I
26,CMG,TotalAssets,2024,9204374000,2024,10-K,2025-02-05,CY2024Q4I
27,CMG,TotalAssets,2023,8044362000,2024,10-K,2025-02-05,CY2023Q4I
28,CMG,TotalAssets,2022,6927504000,2023,10-K,2024-02-08,CY2022Q4I
29,CMG,TotalAssets,2021,6652958000,2022,10-K,2023-02-09,CY2021Q4I
30,CMG,TotalAssets,2020,5982896000,2021,10-K,2022-02-11,CY2020Q4I
31,CMG,TotalAssets,2019,5104604000,2020,10-K,2021-02-10,CY2019Q4I
32,CMG,TotalAssets,2018,2265518000,2019,10-K,2020-02-05,CY2018Q4I
33,CMG,TotalAssets,2017,2045692000,2018,10-K,2019-02-08,CY2017Q4I
34,CMG,TotalAssets,2016,2026103000,2017,10-K,2018-02-08,CY2016Q4I
35,CMG,TotalAssets,2015,2725066000,2016,10-K,2017-02-07,CY2015Q4I
36,CMG,TotalAssets,2014,2527317000,2015,10-K,2016-02-05,CY2014Q4I
37,CMG,TotalAssets,2013,2009280000,2014,10-K,2015-02-04,CY2013Q4I
38,CMG,TotalAssets,2012,1668667000,2013,10-K,2014-02-05,CY2012Q4I
39,CMG,TotalAssets,2011,1425308000,2012,10-K,2013-02-08,CY2011Q4I
40,CMG,TotalAssets,2010,1121605000,2011,10-K,2012-02-10,CY2010Q4I
41,CMG,TotalAssets,2009,961505000,2010,10-K,2011-02-17,CY2009Q4I
42,MCD,Land,2024,7253000000,2024,10-K,2025-02-25,CY2024Q4I
43,MCD,Land,2023,7081000000,2024,10-K,2025-02-25,CY2023Q4I
44,MCD,Land,2022,6686300000,2023,10-K,2024-02-22,CY2022Q4I
45,MCD,Land,2021,6487600000,2022,10-K,2023-02-24,CY2021Q4I
46,MCD,Land,2020,6349100000,2021,10-K,2022-02-24,CY2020Q4I
47,MCD,Land,2019,6026400000,2020,10-K,2021-02-23,CY2019Q4I
48,MCD,Land,2018,5521400000,2019,10-K,2020-02-26,CY2018Q4I
49,MCD,Land,2017,5662200000,2018,10-K,2019-02-22,CY2017Q4I
50,MCD,Land,2016,5465000000,2017,10-K,2018-02-23,CY2016Q4I
51,MCD,Land,2015,5582500000,2016,10-K,2017-03-01,CY2015Q4I
52,MCD,Land,2014,5788400000,2015,10-K,2016-02-25,CY2014Q4I
53,MCD,Land,2013,5849300000,2014,10-K,2015-02-24,CY2013Q4I
54,MCD,Land,2012,5612600000,2013,10-K,2014-02-24,CY2012Q4I
55,MCD,Land,2011,5328300000,2012,10-K,2013-02-25,CY2011Q4I
56,MCD,Land,2010,5200500000,2011,10-K,2012-02-24,CY2010Q4I
57,MCD,Land,2009,5048300000,2010,10-K,2011-02-25,CY2009Q4I
58,MCD,PropertyPlantAndEquipment,2024,44177000000,2024,10-K,2025-02-25,CY2024Q4I
59,MCD,PropertyPlantAndEquipment,2023,43570000000,2024,10-K,2025-02-25,CY2023Q4I
60,MCD,PropertyPlantAndEquipment,2022,41037600000,2023,10-K,2024-02-22,CY2022Q4I
61,MCD,PropertyPlantAndEquipment,2021,41916600000,2022,10-K,2023-02-24,CY2021Q4I
62,MCD,PropertyPlantAndEquipment,2020,41476500000,2021,10-K,2022-02-24,CY2020Q4I
63,MCD,PropertyPlantAndEquipment,2019,39050900000,2020,10-K,2021-02-23,CY2019Q4I
64,MCD,PropertyPlantAndEquipment,2018,37193600000,2019,10-K,2020-02-26,CY2018Q4I
65,MCD,PropertyPlantAndEquipment,2017,36626400000,2018,10-K,2019-02-22,CY2017Q4I
66,MCD,PropertyPlantAndEquipment,2016,34443400000,2017,10-K,2018-02-23,CY2016Q4I
67,MCD,PropertyPlantAndEquipment,2015,37692400000,2016,10-K,2017-03-01,CY2015Q4I
68,MCD,PropertyPlantAndEquipment,2014,39126100000,2015,10-K,2016-02-25,CY2014Q4I
69,MCD,PropertyPlantAndEquipment,2013,40355600000,2014,10-K,2015-02-24,CY2013Q4I
70,MCD,PropertyPlantAndEquipment,2012,38491100000,2013,10-K,2014-02-24,CY2012Q4I
71,MCD,PropertyPlantAndEquipment,2011,35737600000,2012,10-K,2013-02-25,CY2011Q4I
72,MCD,PropertyPlantAndEquipment,2010,34482400000,2011,10-K,2012-02-24,CY2010Q4I
73,MCD,PropertyPlantAndEquipment,2009,33440500000,2010,10-K,2011-02-25,CY2009Q4I
74,MCD,PropertyPlantAndEquipment,2008,31152400000,2009,10-K,2010-02-26,CY2008Q4I
75,MCD,TotalAssets,2024,55182000000,2024,10-K,2025-02-25,CY2024Q4I
76,MCD,TotalAssets,2023,56147000000,2024,10-K,2025-02-25,CY2023Q4I
77,MCD,TotalAssets,2022,50436000000,2024,10-K,2025-02-25,CY2022Q4I
78,MCD,TotalAssets,2021,53854300000,2023,10-K,2024-02-22,CY2021Q4I
79,MCD,TotalAssets,2020,52626800000,2022,10-K,2023-02-24,CY2020Q4I
80,MCD,TotalAssets,2019,47510800000,2021,10-K,2022-02-24,CY2019Q4I
81,MCD,TotalAssets,2018,32811200000,2020,10-K,2021-02-23,CY2018Q4I
82,MCD,TotalAssets,2017,33803700000,2019,10-K,2020-02-26,CY2017Q4I
83,MCD,TotalAssets,2016,31023900000,2018,10-K,2019-02-22,CY2016Q4I
84,MCD,TotalAssets,2015,37938700000,2017,10-K,2018-02-23,CY2015Q4I
85,MCD,TotalAssets,2014,34227400000,2016,10-K,2017-03-01,CY2014Q4I
86,MCD,TotalAssets,2013,36626300000,2015,10-K,2016-02-25,CY2013Q4I
87,MCD,TotalAssets,2012,35386500000,2014,10-K,2015-02-24,CY2012Q4I
88,MCD,TotalAssets,2011,32989900000,2013,10-K,2014-02-24,CY2011Q4I
89,MCD,TotalAssets,2010,31975200000,2012,10-K,2013-02-25,CY2010Q4I
90,MCD,TotalAssets,2009,30224900000,2011,10-K,2012-02-24,CY2009Q4I
91,MCD,TotalAssets,2008,28461500000,2010,10-K,2011-02-25,CY2008Q4I
92,SBUX,Land,2014,46900000,2014,10-Q,2014-04-29,CY2014Q1I
93,SBUX,Land,2013,47000000,2014,10-Q,2014-04-29,CY2013Q3I
94,SBUX,Land,2012,46200000,2013,10-K,2013-11-18,CY2012Q3I
95,SBUX,Land,2011,44800000,2012,8-K,2013-01-29,CY2011Q3I
96,SBUX,Land,2010,58000000,2011,10-K,2011-11-18,CY2010Q3I
97,SBUX,Land,2009,58200000,2010,10-K,2010-11-22,CY2009Q3I
98,SBUX,PropertyPlantAndEquipment,2024,19441000000,2025,10-Q,2025-01-28,CY2024Q3I
99,SBUX,PropertyPlantAndEquipment,2023,17310200000,2024,10-K,2024-11-20,CY2023Q3I
100,SBUX,PropertyPlantAndEquipment,2022,15609800000,2023,10-K,2023-11-17,CY2022Q3I
101,SBUX,PropertyPlantAndEquipment,2021,14828800000,2022,10-K,2022-11-18,CY2021Q3I
102,SBUX,PropertyPlantAndEquipment,2020,14155300000,2021,10-K,2021-11-19,CY2020Q3I
103,SBUX,PropertyPlantAndEquipment,2019,14273500000,2020,10-K,2020-11-12,CY2019Q3I
104,SBUX,PropertyPlantAndEquipment,2018,13197100000,2019,10-K,2019-11-15,CY2018Q3I
105,SBUX,PropertyPlantAndEquipment,2017,11584000000,2018,10-K,2018-11-16,CY2017Q3I
106,SBUX,PropertyPlantAndEquipment,2016,10573300000,2017,10-K,2017-11-17,CY2016Q3I
107,SBUX,PropertyPlantAndEquipment,2015,9641800000,2016,10-K,2016-11-18,CY2015Q3I
108,SBUX,PropertyPlantAndEquipment,2014,8581100000,2015,10-K,2015-11-12,CY2014Q3I
109,SBUX,PropertyPlantAndEquipment,2013,7782100000,2014,10-K,2014-11-14,CY2013Q3I
110,SBUX,PropertyPlantAndEquipment,2012,6903100000,2013,10-K,2013-11-18,CY2012Q3I
111,SBUX,PropertyPlantAndEquipment,2011,6163100000,2012,8-K,2013-01-29,CY2011Q3I
112,SBUX,PropertyPlantAndEquipment,2010,5888700000,2011,10-K,2011-11-18,CY2010Q3I
113,SBUX,PropertyPlantAndEquipment,2009,5700900000,2010,10-K,2010-11-22,CY2009Q3I
114,SBUX,TotalAssets,2024,31339300000,2025,10-Q,2025-01-28,CY2024Q3I
115,SBUX,TotalAssets,2023,29445500000,2024,10-K,2024-11-20,CY2023Q3I
116,SBUX,TotalAssets,2022,27978400000,2023,10-K,2023-11-17,CY2022Q3I
117,SBUX,TotalAssets,2021,31392600000,2022,10-K,2022-11-18,CY2021Q3I
118,SBUX,TotalAssets,2020,29374500000,2022,10-K,2022-11-18,CY2020Q3I
119,SBUX,TotalAssets,2019,19219600000,2021,10-K,2021-11-19,CY2019Q3I
120,SBUX,TotalAssets,2018,24156400000,2020,10-K,2020-11-12,CY2018Q3I
121,SBUX,TotalAssets,2017,14365600000,2019,10-K,2019-11-15,CY2017Q3I
122,SBUX,TotalAssets,2016,14312500000,2018,10-K,2018-11-16,CY2016Q3I
123,SBUX,TotalAssets,2015,12416300000,2016,10-K,2016-11-18,CY2015Q3I
124,SBUX,TotalAssets,2014,10752900000,2015,10-K,2015-11-12,CY2014Q3I
125,SBUX,TotalAssets,2013,11516700000,2014,10-K,2014-11-14,CY2013Q3I
126,SBUX,TotalAssets,2012,8219200000,2013,10-K,2013-11-18,CY2012Q3I
127,SBUX,TotalAssets,2011,7360400000,2012,8-K,2013-01-29,CY2011Q3I
128,SBUX,TotalAssets,2010,6385900000,2012,8-K,2013-01-29,CY2010Q3I
129,SBUX,TotalAssets,2009,5576800000,2011,10-K,2011-11-18,CY2009Q3I
130,SBUX,TotalAssets,2008,5672600000,2010,10-K,2010-11-22,CY2008Q3I
