id,ticker,metric_type,yr,val,fy,form,filed,frame
1,CMG,Net Income,2024,1534110000,2024,10-K,2025-02-05,CY2024
2,CMG,Net Income,2023,1228737000,2024,10-K,2025-02-05,CY2023
3,CMG,Net Income,2022,899101000,2024,10-K,2025-02-05,CY2022
4,CMG,Net Income,2021,652984000,2023,10-K,2024-02-08,CY2021
5,CMG,Net Income,2020,355766000,2022,10-K,2023-02-09,CY2020
6,CMG,Net Income,2019,350158000,2021,10-K,2022-02-11,CY2019
7,CMG,Net Income,2018,176553000,2020,10-K,2021-02-10,CY2018
8,CMG,Net Income,2017,176253000,2019,10-K,2020-02-05,CY2017
9,CMG,Net Income,2016,22938000,2018,10-K,2019-02-08,CY2016
10,CMG,Net Income,2015,475602000,2017,10-K,2018-02-08,CY2015
11,CMG,Net Income,2014,445374000,2016,10-K,2017-02-07,CY2014
12,CMG,Net Income,2013,327438000,2015,10-K,2016-02-05,CY2013
13,CMG,Net Income,2012,278000000,2014,10-K,2015-02-04,CY2012
14,CMG,Net Income,2011,214945000,2013,10-K,2014-02-05,CY2011
15,CMG,Net Income,2010,178981000,2012,10-K,2013-02-08,CY2010
16,CMG,Net Income,2009,126845000,2011,10-K,2012-02-10,CY2009
17,CMG,Net Income,2008,78202000,2010,10-K,2011-02-17,CY2008
18,CMG,Operating Income,2024,1916333000,2024,10-K,2025-02-05,CY2024
19,CMG,Operating Income,2023,1557813000,2024,10-K,2025-02-05,CY2023
20,CMG,Operating Income,2022,1160403000,2024,10-K,2025-02-05,CY2022
21,CMG,Operating Income,2021,804943000,2023,10-K,2024-02-08,CY2021
22,CMG,Operating Income,2020,290164000,2022,10-K,2023-02-09,CY2020
23,CMG,Operating Income,2019,443958000,2021,10-K,2022-02-11,CY2019
24,CMG,Operating Income,2018,258368000,2020,10-K,2021-02-10,CY2018
25,CMG,Operating Income,2017,270794000,2019,10-K,2020-02-05,CY2017
26,CMG,Operating Income,2016,34567000,2018,10-K,2019-02-08,CY2016
27,CMG,Operating Income,2015,763589000,2017,10-K,2018-02-08,CY2015
28,CMG,Operating Income,2014,710800000,2016,10-K,2017-02-07,CY2014
29,CMG,Operating Income,2013,532720000,2015,10-K,2016-02-05,CY2013
30,CMG,Operating Income,2012,455865000,2014,10-K,2015-02-04,CY2012
31,CMG,Operating Income,2011,350562000,2013,10-K,2014-02-05,CY2011
32,CMG,Operating Income,2010,287831000,2012,10-K,2013-02-08,CY2010
33,CMG,Operating Income,2009,203705000,2011,10-K,2012-02-10,CY2009
34,CMG,Operating Income,2008,124039000,2010,10-K,2011-02-17,CY2008
35,CMG,Revenue,2024,11313853000,2024,10-K,2025-02-05,CY2024
36,CMG,Revenue,2023,9871649000,2024,10-K,2025-02-05,CY2023
37,CMG,Revenue,2022,8634652000,2024,10-K,2025-02-05,CY2022
38,CMG,Revenue,2021,7547061000,2023,10-K,2024-02-08,CY2021
39,CMG,Revenue,2020,5984634000,2022,10-K,2023-02-09,CY2020
40,CMG,Revenue,2019,5586369000,2021,10-K,2022-02-11,CY2019
41,CMG,Revenue,2018,4864985000,2020,10-K,2021-02-10,CY2018
42,CMG,Revenue,2017,4476412000,2019,10-K,2020-02-05,CY2017
43,CMG,Revenue,2016,3904384000,2018,10-K,2019-02-08,CY2016
44,MCD,Net Income,2024,8223000000,2024,10-K,2025-02-25,CY2024
45,MCD,Net Income,2023,8469000000,2024,10-K,2025-02-25,CY2023
46,MCD,Net Income,2022,6177000000,2024,10-K,2025-02-25,CY2022
47,MCD,Net Income,2021,7545200000,2023,10-K,2024-02-22,CY2021
48,MCD,Net Income,2020,4730500000,2022,10-K,2023-02-24,CY2020
49,MCD,Net Income,2019,6025400000,2021,10-K,2022-02-24,CY2019
50,MCD,Net Income,2018,5924300000,2020,10-K,2021-02-23,CY2018
51,MCD,Net Income,2017,5192300000,2019,10-K,2020-02-26,CY2017
52,MCD,Net Income,2016,4686500000,2018,10-K,2019-02-22,CY2016
53,MCD,Net Income,2015,4529300000,2017,10-K,2018-02-23,CY2015
54,MCD,Net Income,2014,4757800000,2016,10-K,2017-03-01,CY2014
55,MCD,Net Income,2013,5585900000,2015,10-K,2016-02-25,CY2013
56,MCD,Net Income,2012,5464800000,2014,10-K,2015-02-24,CY2012
57,MCD,Net Income,2011,5503100000,2013,10-K,2014-02-24,CY2011
58,MCD,Net Income,2010,4946300000,2012,10-K,2013-02-25,CY2010
59,MCD,Net Income,2009,4551000000,2011,10-K,2012-02-24,CY2009
60,MCD,Net Income,2008,4313200000,2010,10-K,2011-02-25,CY2008
61,MCD,Net Income,2007,2395100000,2009,10-K,2010-02-26,CY2007
62,MCD,Operating Income,2024,11712000000,2024,10-K,2025-02-25,CY2024
63,MCD,Operating Income,2023,11647000000,2024,10-K,2025-02-25,CY2023
64,MCD,Operating Income,2022,9371000000,2024,10-K,2025-02-25,CY2022
65,MCD,Operating Income,2021,10356000000,2023,10-K,2024-02-22,CY2021
66,MCD,Operating Income,2020,7324000000,2022,10-K,2023-02-24,CY2020
67,MCD,Operating Income,2019,9069800000,2021,10-K,2022-02-24,CY2019
68,MCD,Operating Income,2018,8822600000,2020,10-K,2021-02-23,CY2018
69,MCD,Operating Income,2017,9552700000,2019,10-K,2020-02-26,CY2017
70,MCD,Operating Income,2016,7744500000,2018,10-K,2019-02-22,CY2016
71,MCD,Operating Income,2015,7145500000,2017,10-K,2018-02-23,CY2015
72,MCD,Operating Income,2014,7949200000,2016,10-K,2017-03-01,CY2014
73,MCD,Operating Income,2013,8764300000,2015,10-K,2016-02-25,CY2013
74,MCD,Operating Income,2012,8604600000,2014,10-K,2015-02-24,CY2012
75,MCD,Operating Income,2011,8529700000,2013,10-K,2014-02-24,CY2011
76,MCD,Operating Income,2010,7473100000,2012,10-K,2013-02-25,CY2010
77,MCD,Operating Income,2009,6841000000,2011,10-K,2012-02-24,CY2009
78,MCD,Operating Income,2008,6442900000,2010,10-K,2011-02-25,CY2008
79,MCD,Operating Income,2007,3879000000,2009,10-K,2010-02-26,CY2007
80,MCD,Revenue,2024,25920000000,2024,10-K,2025-02-25,CY2024
81,MCD,Revenue,2023,25494000000,2024,10-K,2025-02-25,CY2023
82,MCD,Revenue,2022,23183000000,2024,10-K,2025-02-25,CY2022
83,MCD,Revenue,2021,23222900000,2023,10-K,2024-02-22,CY2021
84,MCD,Revenue,2020,19207800000,2022,10-K,2023-02-24,CY2020
85,MCD,Revenue,2019,21364400000,2021,10-K,2022-02-24,CY2019
86,MCD,Revenue,2018,21257900000,2020,10-K,2021-02-23,CY2018
87,MCD,Revenue,2017,22820400000,2019,10-K,2020-02-26,CY2017
88,MCD,Revenue,2016,24621900000,2018,10-K,2019-02-22,CY2016
89,MCD,Revenue,2015,25413000000,2017,10-K,2018-02-23,CY2015
90,MCD,Revenue,2014,27441300000,2016,10-K,2017-03-01,CY2014
91,MCD,Revenue,2013,28105700000,2015,10-K,2016-02-25,CY2013
92,MCD,Revenue,2012,27567000000,2014,10-K,2015-02-24,CY2012
93,MCD,Revenue,2011,27006000000,2013,10-K,2014-02-24,CY2011
94,MCD,Revenue,2010,24074600000,2012,10-K,2013-02-25,CY2010
95,MCD,Revenue,2009,22744700000,2011,10-K,2012-02-24,CY2009
96,MCD,Revenue,2008,23522400000,2010,10-K,2011-02-25,CY2008
97,MCD,Revenue,2007,22786600000,2009,10-K,2010-02-26,CY2007
98,SBUX,Net Income,2024,780800000,2025,10-Q,2025-01-28,CY2024Q4
99,SBUX,Net Income,2023,1024400000,2025,10-Q,2025-01-28,CY2023Q4
100,SBUX,Net Income,2022,3281600000,2024,10-K,2024-11-20,CY2022
101,SBUX,Net Income,2021,4199300000,2023,10-K,2023-11-17,CY2021
102,SBUX,Net Income,2020,928300000,2022,10-K,2022-11-18,CY2020
103,SBUX,Net Income,2019,3599200000,2021,10-K,2021-11-19,CY2019
104,SBUX,Net Income,2018,4518300000,2020,10-K,2020-11-12,CY2018
105,SBUX,Net Income,2017,2884700000,2019,10-K,2019-11-15,CY2017
106,SBUX,Net Income,2016,2817700000,2018,10-K,2018-11-16,CY2016
107,SBUX,Net Income,2015,2757400000,2017,10-K,2017-11-17,CY2015
108,SBUX,Net Income,2014,2068100000,2016,10-K,2016-11-18,CY2014
109,SBUX,Net Income,2013,8300000,2015,10-K,2015-11-12,CY2013
110,SBUX,Net Income,2012,1383800000,2014,10-K,2014-11-14,CY2012
111,SBUX,Net Income,2011,1245700000,2013,10-K,2013-11-18,CY2011
112,SBUX,Net Income,2010,945600000,2012,8-K,2013-01-29,CY2010
113,SBUX,Net Income,2009,390800000,2011,10-K,2011-11-18,CY2009
114,SBUX,Net Income,2008,315500000,2010,10-K,2010-11-22,CY2008
115,SBUX,Net Income,2007,672600000,2009,10-K,2009-11-20,CY2007
116,SBUX,Operating Income,2024,1121700000,2025,10-Q,2025-01-28,CY2024Q4
117,SBUX,Operating Income,2023,1485400000,2025,10-Q,2025-01-28,CY2023Q4
118,SBUX,Operating Income,2022,4617800000,2024,10-K,2024-11-20,CY2022
119,SBUX,Operating Income,2021,4872100000,2023,10-K,2023-11-17,CY2021
120,SBUX,Operating Income,2020,1561700000,2022,10-K,2022-11-18,CY2020
121,SBUX,Operating Income,2019,4077900000,2021,10-K,2021-11-19,CY2019
122,SBUX,Operating Income,2018,3883300000,2020,10-K,2020-11-12,CY2018
123,SBUX,Operating Income,2017,4134700000,2019,10-K,2019-11-15,CY2017
124,SBUX,Operating Income,2016,4171900000,2018,10-K,2018-11-16,CY2016
125,SBUX,Operating Income,2015,3601000000,2017,10-K,2017-11-17,CY2015
126,SBUX,Operating Income,2014,3081100000,2016,10-K,2016-11-18,CY2014
127,SBUX,Operating Income,2013,-325400000,2015,10-K,2015-11-12,CY2013
128,SBUX,Operating Income,2012,1997400000,2014,10-K,2014-11-14,CY2012
129,SBUX,Operating Income,2011,1728500000,2013,10-K,2013-11-18,CY2011
130,SBUX,Operating Income,2010,1419400000,2012,8-K,2013-01-29,CY2010
131,SBUX,Operating Income,2009,562000000,2011,10-K,2011-11-18,CY2009
132,SBUX,Operating Income,2008,503900000,2010,10-K,2010-11-22,CY2008
133,SBUX,Operating Income,2007,1053900000,2009,10-K,2009-11-20,CY2007
134,SBUX,Revenue,2024,9397800000,2025,10-Q,2025-01-28,CY2024Q4
135,SBUX,Revenue,2023,9425300000,2025,10-Q,2025-01-28,CY2023Q4
136,SBUX,Revenue,2022,32250300000,2024,10-K,2024-11-20,CY2022
137,SBUX,Revenue,2021,29060600000,2023,10-K,2023-11-17,CY2021
138,SBUX,Revenue,2020,23518000000,2022,10-K,2022-11-18,CY2020
139,SBUX,Revenue,2019,26508600000,2021,10-K,2021-11-19,CY2019
140,SBUX,Revenue,2018,24719500000,2020,10-K,2020-11-12,CY2018
141,SBUX,Revenue,2017,22386800000,2019,10-K,2019-11-15,CY2017
142,SBUX,Revenue,2016,21315900000,2018,10-K,2018-11-16,CY2016
143,SBUX,Revenue,2013,14866800000,2014,10-Q,2014-01-28,CY2013
144,SBUX,Revenue,2012,13276800000,2014,10-Q,2014-01-28,CY2012
145,SBUX,Revenue,2011,11700400000,2013,10-K,2013-11-18,CY2011
146,SBUX,Revenue,2010,10707400000,2012,8-K,2013-01-29,CY2010
147,SBUX,Revenue,2009,9774600000,2011,10-K,2011-11-18,CY2009
